{
  "ALRS": {
    "open": {
      "mean": 70.60749679404975,
      "std": 26.887330780091
    },
    "high": {
      "mean": 70.89560400102589,
      "std": 26.987631972584666
    },
    "low": {
      "mean": 70.29810977173634,
      "std": 26.776383289923167
    },
    "close": {
      "mean": 70.60285137214669,
      "std": 26.88384430752962
    },
    "log_volume": {
      "mean": 10.764906819956877,
      "std": 1.914878900424893
    }
  },
  "AFKS": {
    "open": {
      "mean": 21.147706772086625,
      "std": 9.067508670307875
    },
    "high": {
      "mean": 21.257453174876,
      "std": 9.10622913861946
    },
    "low": {
      "mean": 21.02927530324608,
      "std": 9.027566518349792
    },
    "close": {
      "mean": 21.143154986986204,
      "std": 9.065056367292426
    },
    "log_volume": {
      "mean": 8.409247494796315,
      "std": 2.055129768755688
    }
  },
  "AFLT": {
    "open": {
      "mean": 65.16125348083159,
      "std": 38.45690343297239
    },
    "high": {
      "mean": 65.45170741941635,
      "std": 38.59412699785407
    },
    "low": {
      "mean": 64.84990730497807,
      "std": 38.313219831217005
    },
    "close": {
      "mean": 65.154870112531,
      "std": 38.45311360341841
    },
    "log_volume": {
      "mean": 9.096259533778955,
      "std": 2.5119711308617316
    }
  },
  "CBOM": {
    "open": {
      "mean": 5.657358909970239,
      "std": 1.1614434245304068
    },
    "high": {
      "mean": 5.672446335565476,
      "std": 1.1661489946513326
    },
    "low": {
      "mean": 5.641351748511904,
      "std": 1.1566526411641822
    },
    "close": {
      "mean": 5.6568130580357145,
      "std": 1.1612815519594184
    },
    "log_volume": {
      "mean": 9.098903284799887,
      "std": 2.2290404310629777
    }
  },
  "CHMF": {
    "open": {
      "mean": 713.9415347929764,
      "std": 421.7899554626783
    },
    "high": {
      "mean": 716.8091133752439,
      "std": 423.1366677097896
    },
    "low": {
      "mean": 710.9385432473445,
      "std": 420.3027886381058
    },
    "close": {
      "mean": 713.897546065467,
      "std": 421.7329779416557
    },
    "log_volume": {
      "mean": 11.102205830395267,
      "std": 1.342309822798536
    }
  },
  "GMKN": {
    "open": {
      "mean": 84.34487878898679,
      "std": 64.79783101712597
    },
    "high": {
      "mean": 84.67326629858495,
      "std": 65.02470284299771
    },
    "low": {
      "mean": 83.99611356905189,
      "std": 64.5510802588078
    },
    "close": {
      "mean": 84.33630260704228,
      "std": 64.78753888866936
    },
    "log_volume": {
      "mean": 18.62812017699469,
      "std": 1.7937044784192084
    }
  },
  "DSKY": {
    "open": {
      "mean": 92.99050292651202,
      "std": 26.57461890441814
    },
    "high": {
      "mean": 93.32434207673965,
      "std": 26.63745195106202
    },
    "low": {
      "mean": 92.63585194016909,
      "std": 26.48880555364738
    },
    "close": {
      "mean": 92.97618903099935,
      "std": 26.5624507844341
    },
    "log_volume": {
      "mean": 8.309936899587843,
      "std": 1.8915480155580815
    }
  },
  "FIVE": {
    "open": {
      "mean": 2002.6171481579645,
      "std": 465.16295489982485
    },
    "high": {
      "mean": 2011.7170023853698,
      "std": 466.03284773017754
    },
    "low": {
      "mean": 1992.6195335276968,
      "std": 464.2635376198035
    },
    "close": {
      "mean": 2002.201364961569,
      "std": 465.0926922978755
    },
    "log_volume": {
      "mean": 9.556015263370657,
      "std": 1.169728009937723
    }
  },
  "GAZP": {
    "open": {
      "mean": 187.57628342716396,
      "std": 60.62037348287284
    },
    "high": {
      "mean": 188.3132978536242,
      "std": 60.86363045373766
    },
    "low": {
      "mean": 186.78881773399016,
      "std": 60.33936706661382
    },
    "close": {
      "mean": 187.55171534130898,
      "std": 60.60306074092214
    },
    "log_volume": {
      "mean": 12.787512918271567,
      "std": 0.8426029491105508
    }
  },
  "FEES": {
    "open": {
      "mean": 0.17864399460532346,
      "std": 0.09184341798261136
    },
    "high": {
      "mean": 0.1796349742989465,
      "std": 0.09241230361062526
    },
    "low": {
      "mean": 0.17760555193648533,
      "std": 0.09127478725602056
    },
    "close": {
      "mean": 0.17861759784212936,
      "std": 0.09183093158271356
    },
    "log_volume": {
      "mean": 9.621249083299354,
      "std": 1.371602978080354
    }
  },
  "HYDR": {
    "open": {
      "mean": 0.8390384743118804,
      "std": 0.3125869335652986
    },
    "high": {
      "mean": 0.8428097418608161,
      "std": 0.3140917638555311
    },
    "low": {
      "mean": 0.8350544809540583,
      "std": 0.3109272566069754
    },
    "close": {
      "mean": 0.8388684697831228,
      "std": 0.31244188263791955
    },
    "log_volume": {
      "mean": 10.455151415682549,
      "std": 1.0909824568384072
    }
  },
  "IRAO": {
    "open": {
      "mean": 2.2332383307731694,
      "std": 2.0348854533480463
    },
    "high": {
      "mean": 2.241998136200717,
      "std": 2.042650200476345
    },
    "low": {
      "mean": 2.2238069073220683,
      "std": 2.026457805399306
    },
    "close": {
      "mean": 2.2331193855606757,
      "std": 2.0346692027428195
    },
    "log_volume": {
      "mean": 12.95036589906601,
      "std": 2.35231473961674
    }
  },
  "MAGN": {
    "open": {
      "mean": 29.983047529956785,
      "std": 16.242277412545228
    },
    "high": {
      "mean": 30.121579535836783,
      "std": 16.297733239194088
    },
    "low": {
      "mean": 29.840717582074923,
      "std": 16.181812670880255
    },
    "close": {
      "mean": 29.98224972159116,
      "std": 16.242261263472884
    },
    "log_volume": {
      "mean": 10.857552767870448,
      "std": 1.7456772492735433
    }
  },
  "LKOH": {
    "open": {
      "mean": 2602.4853822868863,
      "std": 1949.5882734845627
    },
    "high": {
      "mean": 2612.354818865345,
      "std": 1955.4590684886316
    },
    "low": {
      "mean": 2592.2357777560783,
      "std": 1943.351342705933
    },
    "close": {
      "mean": 2602.4411711095922,
      "std": 1949.5025380311195
    },
    "log_volume": {
      "mean": 11.41088230724959,
      "std": 1.165412860944867
    }
  },
  "MGNT": {
    "open": {
      "mean": 5392.669189239941,
      "std": 3144.0845155703614
    },
    "high": {
      "mean": 5416.34537815126,
      "std": 3157.532679744176
    },
    "low": {
      "mean": 5368.267320783061,
      "std": 3129.945266003921
    },
    "close": {
      "mean": 5392.491263320971,
      "std": 3144.036172754374
    },
    "log_volume": {
      "mean": 8.700467066009766,
      "std": 1.9899557252621312
    }
  },
  "LSRG": {
    "open": {
      "mean": 703.681135666702,
      "std": 176.14711383058415
    },
    "high": {
      "mean": 706.92734482394,
      "std": 176.4030526341669
    },
    "low": {
      "mean": 700.1806704028762,
      "std": 175.68913161533993
    },
    "close": {
      "mean": 703.6407581685523,
      "std": 175.96556145521305
    },
    "log_volume": {
      "mean": 7.381677799086494,
      "std": 2.0312550762573434
    }
  },
  "MTSS": {
    "open": {
      "mean": 250.32019559018434,
      "std": 48.22990613693424
    },
    "high": {
      "mean": 251.18606450058238,
      "std": 48.23963777976754
    },
    "low": {
      "mean": 249.40033896943652,
      "std": 48.227576560349455
    },
    "close": {
      "mean": 250.303198522029,
      "std": 48.23960275733494
    },
    "log_volume": {
      "mean": 9.080966205340731,
      "std": 1.6536824545574969
    }
  },
  "MOEX": {
    "open": {
      "mean": 110.7573372446455,
      "std": 42.81637082294305
    },
    "high": {
      "mean": 111.1657404396692,
      "std": 42.94617594319156
    },
    "low": {
      "mean": 110.33524775570793,
      "std": 42.67996400702317
    },
    "close": {
      "mean": 110.75667279281826,